{"0":{"PS":0.4721495375,"V":0.1391687517,"SF":0.1541661378,"SA":0.0603244352,"LC":0.1329014888,"JM":-0.0188978298,"MA":0.0651806973,"AO":-0.0070693411,"SP":0.0591420953,"RU":-0.0570659727}}