{"0":{"PS":0.4731515742,"V":0.1418841228,"SF":0.1519004344,"SA":0.0613171177,"LC":0.1316550182,"JM":-0.0203282607,"MA":0.0641755466,"AO":-0.0062550866,"SP":0.0590102635,"RU":-0.0565107299}}