{"0":{"PS":0.4731515653,"V":0.1418841333,"SF":0.1519004438,"SA":0.0613171103,"LC":0.1316550148,"JM":-0.0203282656,"MA":0.0641755417,"AO":-0.0062550822,"SP":0.0590102665,"RU":-0.0565107279}}